# What every picture under docs/images shows, as seen by whoever looked.
# One row per picture, tab-separated: file, sha256, date seen, what it shows.
# A picture whose bytes move needs a new row before it is pushed, and the
# last field is written by the one who looked -- never by a machine.
# python3 development/seen_rows.py prints the rows still owed, field four
# left empty; tests/source/source_pictures_seen_test.py holds this file.
blocks.png	693828fc910bbb81ba2b89f4eaac91778d28fb17d601ab64dc7a21d895018ec6	2026-09-26	Files tab with CoPresenter opened: three 40 s blocks, belongs to a recording of its own; nothing to fault; fixture names and /tmp only
channels.de.png	1faafeb98b01a2c117386f85c0719df254e7f6d4d9486e6b47b697f81e411303	2026-09-26	Files tab: Mixer.wav 60 s, 8 channels with pair suggestions and unused inputs, StudioCam as wide shot; nothing to fault; fixture names and /tmp only (German)
channels.png	6aa94d98d7254c055798e85c0411f298184d12b7f0b7ffd500868914ec111244	2026-09-26	Files tab: Mixer.wav 60 s, 8 channels with pair suggestions and unused inputs, StudioCam as wide shot; nothing to fault; fixture names and /tmp only
files.png	ef079d28b8b4e995e3b76f7c9f146df5b0c64c01e2c51189cf497855af895021	2026-09-26	Files tab: 3 fixture recordings with In the sound = Speech, 3 fixture cameras, production Demo; nothing to fault; fixture names and /tmp only
settings.de.png	1aa7e18a0d8633d1a87fb95fe7e1879a66a3c438b459fc6f874feb22e4208c0c	2026-09-26	German settings dialog: window language, empty API Key field, Keychain box unticked, Resolve answers; no key, no path
settings.png	a6c5e2e695ca2044c650246c560c0d002373cd89fe5bb2ea60e36f9466cbbdc5	2026-09-26	Settings dialog: window language, empty API Key field, Keychain box unticked, Resolve answers with its version; no key, no path
blocks.de.png	3fc648a0b657f89dae0a3db03234bf7f322fd8573e7251ebe839376a7555ab41	2026-09-26	Files tab: CoPresenter recording opened, three 40 s blocks each chosen, belongs-to chooser, speech language German, -16 LUFS; fixture names and /tmp only (German)
files.de.png	d714998a03d7f71f91331d0bf6083bc4c2c9bede322060a4ec4da71e66c964de	2026-09-26	Files tab: sound and video groups of the fixture, speech language German, project type, output folder Ergebnis, -16 LUFS; fixture names and /tmp only (German)
assignment.png	01a0a901fe7d68b93c584d1715a846aafa75d1270a9157c289860baf7c5e6302	2026-09-27	Assignment tab of the interview fixture: three recordings with their cameras, the camera table, the unticked Multitrack box, the player with the new note that In and Out count from the moment every camera runs; nothing cut off, no key or private path (English)
output.de.png	e009501c501dd525e9966137316400b5b3aa630be4a30c5558522b6a63f1cb4d	2026-09-27	Output tab after a dry run: time axis with offsets and drift, the common window from the stretch every camera saw, bleed check, the plain path without auphonic.com; fixture names and /tmp paths only (German)
output.png	2923fca75d5db04cc66827a59bd5ecf3fd96f93855b7e9788a305c6d9bb28e3a	2026-09-27	Output tab after a dry run: time axis with offsets and drift, the common window from the stretch every camera saw, bleed check, the plain path without auphonic.com; fixture names and /tmp paths only (English)
resolve-cut.de.png	d03ca526121553114733b11e797f5bd5abd5e6ec4427478597d2adafcf997eb4	2026-09-27	Resolve cut tab with Resolve answering: timing, wide shot and special-case fields, the speaker table start and the preview with 14 shots; nothing cut off (German)
resolve-cut.png	1541ab63d4dcbbe0ee8540b70a34071e6496ca5058f434c55d42a06b50914fc5	2026-09-27	Resolve cut tab with Resolve answering: timing, wide shot and special-case fields, the speaker table start and the preview with 14 shots; nothing cut off (English)
voices.de.png	7c1cc5c4ff595fbcb7c544a922d4cc48b3f3eeffc5517adfce1a2ab43e8b43e7	2026-09-27	Assignment tab with one recording separated into three voices, each on a camera; Start greyed with the reason line; the note on In and Out counting from the moment every camera runs (German)
voices.png	799336465aa2d066d6aaecd659b75a7219f866518bf963050cf0a364eb1fe0a1	2026-09-27	Assignment tab with one recording separated into three voices, each on a camera; Start greyed with the reason line; the note on In and Out counting from the moment every camera runs (English)
assignment.de.png	e58d57420ead6466cbdf5292d892ab87803a2a1064feda0bcc000026397ff904	2026-09-27	Assignment tab of the interview fixture: three recordings with their cameras, the camera table, the unticked Multitrack box, the player with the new note that In and Out count from the moment every camera runs; nothing cut off, no key or private path (German)
